File,LOC,SLOC-P,SLOC-L,MVG,BLOC,C&SLOC,CLOC,CWORD,HCLOC,HCWORD
D:\_Schule\Cocktailmaschine\Programme\SmartButler\SmartButler\SmartButler\App.xaml.cs,47,32,17,0,10,0,5,32,0,0
D:\_Schule\Cocktailmaschine\Programme\SmartButler\SmartButler\SmartButler\App.xaml,8,7,0,0,1,0,0,0,0,0
D:\_Schule\Cocktailmaschine\Programme\SmartButler\SmartButler\SmartButler\App.xaml.cs,47,32,17,0,10,0,5,32,0,0
D:\_Schule\Cocktailmaschine\Programme\SmartButler\SmartButler\SmartButler\Bootstrapper\Bootstrapper.cs,64,46,34,2,14,0,4,22,0,0
D:\_Schule\Cocktailmaschine\Programme\SmartButler\SmartButler\SmartButler\Bootstrapper\Modules\PageModule.cs,58,46,35,0,11,0,1,4,0,0
D:\_Schule\Cocktailmaschine\Programme\SmartButler\SmartButler\SmartButler\Bootstrapper\Modules\ServiceModule.cs,30,20,14,0,7,0,3,8,0,0
D:\_Schule\Cocktailmaschine\Programme\SmartButler\SmartButler\SmartButler\Controls\ToolBarControl.xaml.cs,33,30,19,0,3,0,0,0,0,0
D:\_Schule\Cocktailmaschine\Programme\SmartButler\SmartButler\SmartButler\Controls\ToolBarControl.xaml,9,8,0,0,1,0,0,0,0,0
D:\_Schule\Cocktailmaschine\Programme\SmartButler\SmartButler\SmartButler\Controls\ToolBarControl.xaml.cs,33,30,19,0,3,0,0,0,0,0
D:\_Schule\Cocktailmaschine\Programme\SmartButler\SmartButler\SmartButler\Core\BluetoothData.cs,24,20,12,0,4,0,0,0,0,0
D:\_Schule\Cocktailmaschine\Programme\SmartButler\SmartButler\SmartButler\Core\BluetoothDevice.cs,24,19,11,0,5,0,0,0,0,0
D:\_Schule\Cocktailmaschine\Programme\SmartButler\SmartButler\SmartButler\Core\Settings.cs,12,10,6,0,2,0,0,0,0,0
D:\_Schule\Cocktailmaschine\Programme\SmartButler\SmartButler\SmartButler\Interfaces\IBluetoothService.cs,43,33,23,0,10,0,0,0,0,0
D:\_Schule\Cocktailmaschine\Programme\SmartButler\SmartButler\SmartButler\Interfaces\IRepository.cs,11,9,5,0,2,0,0,0,0,0
D:\_Schule\Cocktailmaschine\Programme\SmartButler\SmartButler\SmartButler\Models\Bottle.cs,14,11,7,0,3,0,0,0,0,0
D:\_Schule\Cocktailmaschine\Programme\SmartButler\SmartButler\SmartButler\Models\Drink.cs,14,11,7,0,3,0,0,0,0,0
D:\_Schule\Cocktailmaschine\Programme\SmartButler\SmartButler\SmartButler\Models\LiquidContainer.cs,17,12,8,0,2,0,3,16,0,0
D:\_Schule\Cocktailmaschine\Programme\SmartButler\SmartButler\SmartButler\obj\Debug\netstandard2.0\App.xaml.g.cs,25,10,4,0,6,0,9,30,9,30
D:\_Schule\Cocktailmaschine\Programme\SmartButler\SmartButler\SmartButler\obj\Debug\netstandard2.0\SmartButler.AssemblyInfo.cs,24,9,2,0,5,0,10,36,9,30
D:\_Schule\Cocktailmaschine\Programme\SmartButler\SmartButler\SmartButler\obj\Debug\netstandard2.0\Controls\ToolBarControl.xaml.g.cs,25,10,4,0,6,0,9,30,9,30
D:\_Schule\Cocktailmaschine\Programme\SmartButler\SmartButler\SmartButler\obj\Debug\netstandard2.0\Pages\BluetoothPage.xaml.g.cs,25,10,4,0,6,0,9,30,9,30
D:\_Schule\Cocktailmaschine\Programme\SmartButler\SmartButler\SmartButler\obj\Debug\netstandard2.0\Pages\BottlesPage.xaml.g.cs,25,10,4,0,6,0,9,30,9,30
D:\_Schule\Cocktailmaschine\Programme\SmartButler\SmartButler\SmartButler\obj\Debug\netstandard2.0\Pages\DrinksPage.xaml.g.cs,25,10,4,0,6,0,9,30,9,30
D:\_Schule\Cocktailmaschine\Programme\SmartButler\SmartButler\SmartButler\obj\Debug\netstandard2.0\Pages\MakeDrinkPage.xaml.g.cs,25,10,4,0,6,0,9,30,9,30
D:\_Schule\Cocktailmaschine\Programme\SmartButler\SmartButler\SmartButler\obj\Debug\netstandard2.0\Pages\WelcomePage.xaml.g.cs,25,10,4,0,6,0,9,30,9,30
D:\_Schule\Cocktailmaschine\Programme\SmartButler\SmartButler\SmartButler\obj\Debug\netstandard2.0\Views\BasePage.xaml.g.cs,25,10,4,0,6,0,9,30,9,30
D:\_Schule\Cocktailmaschine\Programme\SmartButler\SmartButler\SmartButler\obj\Debug\netstandard2.0\Views\Registerable\BluetoothPage.xaml.g.cs,25,10,4,0,6,0,9,30,9,30
D:\_Schule\Cocktailmaschine\Programme\SmartButler\SmartButler\SmartButler\obj\Debug\netstandard2.0\Views\Registerable\BottlesPage.xaml.g.cs,25,10,4,0,6,0,9,30,9,30
D:\_Schule\Cocktailmaschine\Programme\SmartButler\SmartButler\SmartButler\obj\Debug\netstandard2.0\Views\Registerable\DrinksPage.xaml.g.cs,25,10,4,0,6,0,9,30,9,30
D:\_Schule\Cocktailmaschine\Programme\SmartButler\SmartButler\SmartButler\obj\Debug\netstandard2.0\Views\Registerable\MakeDrinkPage.xaml.g.cs,25,10,4,0,6,0,9,30,9,30
D:\_Schule\Cocktailmaschine\Programme\SmartButler\SmartButler\SmartButler\obj\Debug\netstandard2.0\Views\Registerable\SettingsPage.xaml.g.cs,25,10,4,0,6,0,9,30,9,30
D:\_Schule\Cocktailmaschine\Programme\SmartButler\SmartButler\SmartButler\obj\Debug\netstandard2.0\Views\Registerable\WelcomePage.xaml.g.cs,25,10,4,0,6,0,9,30,9,30
D:\_Schule\Cocktailmaschine\Programme\SmartButler\SmartButler\SmartButler\obj\Release\netstandard2.0\App.xaml.g.cs,25,10,4,0,6,0,9,30,9,30
D:\_Schule\Cocktailmaschine\Programme\SmartButler\SmartButler\SmartButler\obj\Release\netstandard2.0\SmartButler.AssemblyInfo.cs,24,9,2,0,5,0,10,36,9,30
D:\_Schule\Cocktailmaschine\Programme\SmartButler\SmartButler\SmartButler\obj\Release\netstandard2.0\Views\BluetoothPage.xaml.g.cs,25,10,4,0,6,0,9,30,9,30
D:\_Schule\Cocktailmaschine\Programme\SmartButler\SmartButler\SmartButler\obj\Release\netstandard2.0\Views\BottlesPage.xaml.g.cs,25,10,4,0,6,0,9,30,9,30
D:\_Schule\Cocktailmaschine\Programme\SmartButler\SmartButler\SmartButler\obj\Release\netstandard2.0\Views\DrinksPage.xaml.g.cs,25,10,4,0,6,0,9,30,9,30
D:\_Schule\Cocktailmaschine\Programme\SmartButler\SmartButler\SmartButler\obj\Release\netstandard2.0\Views\MakeDrinkPage.xaml.g.cs,25,10,4,0,6,0,9,30,9,30
D:\_Schule\Cocktailmaschine\Programme\SmartButler\SmartButler\SmartButler\obj\Release\netstandard2.0\Views\WelcomePage.xaml.g.cs,25,10,4,0,6,0,9,30,9,30
D:\_Schule\Cocktailmaschine\Programme\SmartButler\SmartButler\SmartButler\Services\DisposableService.cs,20,16,8,1,4,0,0,0,0,0
D:\_Schule\Cocktailmaschine\Programme\SmartButler\SmartButler\SmartButler\Services\ExceptionFactory.cs,49,30,16,2,6,0,13,58,0,0
D:\_Schule\Cocktailmaschine\Programme\SmartButler\SmartButler\SmartButler\Services\Registerable\BaseRepository.cs,20,17,11,1,3,0,0,0,0,0
D:\_Schule\Cocktailmaschine\Programme\SmartButler\SmartButler\SmartButler\Services\Registerable\BottlesRepository.cs,27,22,14,1,5,0,0,0,0,0
D:\_Schule\Cocktailmaschine\Programme\SmartButler\SmartButler\SmartButler\Services\Registerable\LiquidContainerFactory.cs,46,27,17,1,7,0,12,67,0,0
D:\_Schule\Cocktailmaschine\Programme\SmartButler\SmartButler\SmartButler\Services\Registerable\NavigationService.cs,69,48,28,5,21,0,0,0,0,0
D:\_Schule\Cocktailmaschine\Programme\SmartButler\SmartButler\SmartButler\Services\Registerable\PageRegistrar.cs,171,94,55,12,43,0,34,197,0,0
D:\_Schule\Cocktailmaschine\Programme\SmartButler\SmartButler\SmartButler\Services\Registerable\ResourceManager.cs,30,24,11,1,6,0,0,0,0,0
D:\_Schule\Cocktailmaschine\Programme\SmartButler\SmartButler\SmartButler\Services\Registerable\UserInteraction.cs,32,26,14,3,6,0,0,0,0,0
D:\_Schule\Cocktailmaschine\Programme\SmartButler\SmartButler\SmartButler\ViewModels\BaseViewModel.cs,60,46,31,1,14,0,0,0,0,0
D:\_Schule\Cocktailmaschine\Programme\SmartButler\SmartButler\SmartButler\ViewModels\Registerable\BluetoothPageViewModel.cs,77,59,41,3,16,0,2,14,0,0
D:\_Schule\Cocktailmaschine\Programme\SmartButler\SmartButler\SmartButler\ViewModels\Registerable\BottlesPageViewModel.cs,59,46,35,1,13,1,0,4,0,0
D:\_Schule\Cocktailmaschine\Programme\SmartButler\SmartButler\SmartButler\ViewModels\Registerable\DrinksPageViewModel.cs,54,42,30,1,12,0,0,0,0,0
D:\_Schule\Cocktailmaschine\Programme\SmartButler\SmartButler\SmartButler\ViewModels\Registerable\MakeDrinkPageViewModel.cs,23,18,10,0,5,0,0,0,0,0
D:\_Schule\Cocktailmaschine\Programme\SmartButler\SmartButler\SmartButler\ViewModels\Registerable\SettingsPageViewModel.cs,16,14,8,0,2,0,0,0,0,0
D:\_Schule\Cocktailmaschine\Programme\SmartButler\SmartButler\SmartButler\ViewModels\Registerable\ToolbarControlViewModel.cs,24,18,12,0,6,0,0,0,0,0
D:\_Schule\Cocktailmaschine\Programme\SmartButler\SmartButler\SmartButler\ViewModels\Registerable\WelcomePageViewModel.cs,54,37,26,0,17,0,0,0,0,0
D:\_Schule\Cocktailmaschine\Programme\SmartButler\SmartButler\SmartButler\Views\Registerable\BluetoothPage.xaml.cs,56,45,30,1,11,0,0,0,0,0
D:\_Schule\Cocktailmaschine\Programme\SmartButler\SmartButler\SmartButler\Views\Registerable\BottlesPage.xaml.cs,52,41,25,0,11,0,0,0,0,0
D:\_Schule\Cocktailmaschine\Programme\SmartButler\SmartButler\SmartButler\Views\Registerable\DrinksPage.xaml.cs,41,34,22,0,7,0,0,0,0,0
D:\_Schule\Cocktailmaschine\Programme\SmartButler\SmartButler\SmartButler\Views\Registerable\MakeDrinkPage.xaml.cs,20,18,11,0,2,0,0,0,0,0
D:\_Schule\Cocktailmaschine\Programme\SmartButler\SmartButler\SmartButler\Views\Registerable\SettingsPage.xaml.cs,20,18,11,0,2,0,0,0,0,0
D:\_Schule\Cocktailmaschine\Programme\SmartButler\SmartButler\SmartButler\Views\Registerable\WelcomePage.xaml.cs,38,34,22,0,4,0,0,0,0,0
D:\_Schule\Cocktailmaschine\Programme\SmartButler\SmartButler\SmartButler\Views\Registerable\BluetoothPage.xaml,41,34,0,0,7,0,0,0,0,0
D:\_Schule\Cocktailmaschine\Programme\SmartButler\SmartButler\SmartButler\Views\Registerable\BottlesPage.xaml,32,28,0,0,4,0,0,0,0,0
D:\_Schule\Cocktailmaschine\Programme\SmartButler\SmartButler\SmartButler\Views\Registerable\DrinksPage.xaml,33,29,0,0,4,0,0,0,0,0
D:\_Schule\Cocktailmaschine\Programme\SmartButler\SmartButler\SmartButler\Views\Registerable\MakeDrinkPage.xaml,19,16,0,0,3,0,0,0,0,0
D:\_Schule\Cocktailmaschine\Programme\SmartButler\SmartButler\SmartButler\Views\Registerable\SettingsPage.xaml,14,13,0,0,1,0,0,0,0,0
D:\_Schule\Cocktailmaschine\Programme\SmartButler\SmartButler\SmartButler\Views\Registerable\WelcomePage.xaml,25,22,0,0,3,0,0,0,0,0
D:\_Schule\Cocktailmaschine\Programme\SmartButler\SmartButler\SmartButler\Views\Registerable\BluetoothPage.xaml.cs,56,45,30,1,11,0,0,0,0,0
D:\_Schule\Cocktailmaschine\Programme\SmartButler\SmartButler\SmartButler\Views\Registerable\BottlesPage.xaml.cs,52,41,25,0,11,0,0,0,0,0
D:\_Schule\Cocktailmaschine\Programme\SmartButler\SmartButler\SmartButler\Views\Registerable\DrinksPage.xaml.cs,41,34,22,0,7,0,0,0,0,0
D:\_Schule\Cocktailmaschine\Programme\SmartButler\SmartButler\SmartButler\Views\Registerable\MakeDrinkPage.xaml.cs,20,18,11,0,2,0,0,0,0,0
D:\_Schule\Cocktailmaschine\Programme\SmartButler\SmartButler\SmartButler\Views\Registerable\SettingsPage.xaml.cs,20,18,11,0,2,0,0,0,0,0
D:\_Schule\Cocktailmaschine\Programme\SmartButler\SmartButler\SmartButler\Views\Registerable\WelcomePage.xaml.cs,38,34,22,0,4,0,0,0,0,0
D:\_Schule\Cocktailmaschine\Programme\SmartButler\SmartButler\SmartButler.Android\MainActivity.cs,40,34,27,0,6,0,0,0,0,0
D:\_Schule\Cocktailmaschine\Programme\SmartButler\SmartButler\SmartButler.Android\obj\Debug\81\MonoAndroid,Version=v8.1.AssemblyAttributes.cs,5,3,2,0,1,0,1,2,1,2
D:\_Schule\Cocktailmaschine\Programme\SmartButler\SmartButler\SmartButler.Android\obj\Debug\81\android\com\companyname\smartbutler\R.java,11723,2537,2373,0,4,0,9182,44090,6,32
D:\_Schule\Cocktailmaschine\Programme\SmartButler\SmartButler\SmartButler.Android\obj\Debug\81\android\src\android\support\compat\R.java,11723,2537,2373,0,4,0,9182,44090,6,32
D:\_Schule\Cocktailmaschine\Programme\SmartButler\SmartButler\SmartButler.Android\obj\Debug\81\android\src\android\support\customtabs\CustomTabsClient_CustomTabsCallbackImpl.java,57,43,22,3,13,0,1,3,0,0
D:\_Schule\Cocktailmaschine\Programme\SmartButler\SmartButler\SmartButler.Android\obj\Debug\81\android\src\android\support\design\R.java,11723,2537,2373,0,4,0,9182,44090,6,32
D:\_Schule\Cocktailmaschine\Programme\SmartButler\SmartButler\SmartButler.Android\obj\Debug\81\android\src\android\support\design\widget\Snackbar_SnackbarActionClickImplementor.java,49,38,19,3,10,0,1,3,0,0
D:\_Schule\Cocktailmaschine\Programme\SmartButler\SmartButler\SmartButler.Android\obj\Debug\81\android\src\android\support\mediacompat\R.java,11723,2537,2373,0,4,0,9182,44090,6,32
D:\_Schule\Cocktailmaschine\Programme\SmartButler\SmartButler\SmartButler.Android\obj\Debug\81\android\src\android\support\transition\R.java,11723,2537,2373,0,4,0,9182,44090,6,32
D:\_Schule\Cocktailmaschine\Programme\SmartButler\SmartButler\SmartButler.Android\obj\Debug\81\android\src\android\support\v4\R.java,11723,2537,2373,0,4,0,9182,44090,6,32
D:\_Schule\Cocktailmaschine\Programme\SmartButler\SmartButler\SmartButler.Android\obj\Debug\81\android\src\android\support\v7\app\AlertDialog_IDialogInterfaceOnCancelListenerImplementor.java,49,38,19,3,10,0,1,3,0,0
D:\_Schule\Cocktailmaschine\Programme\SmartButler\SmartButler\SmartButler.Android\obj\Debug\81\android\src\android\support\v7\app\AlertDialog_IDialogInterfaceOnClickListenerImplementor.java,49,38,19,3,10,0,1,3,0,0
D:\_Schule\Cocktailmaschine\Programme\SmartButler\SmartButler\SmartButler.Android\obj\Debug\81\android\src\android\support\v7\app\AlertDialog_IDialogInterfaceOnMultiChoiceClickListenerImplementor.java,49,38,19,3,10,0,1,3,0,0
D:\_Schule\Cocktailmaschine\Programme\SmartButler\SmartButler\SmartButler.Android\obj\Debug\81\android\src\android\support\v7\appcompat\R.java,11723,2537,2373,0,4,0,9182,44090,6,32
D:\_Schule\Cocktailmaschine\Programme\SmartButler\SmartButler\SmartButler.Android\obj\Debug\81\android\src\android\support\v7\cardview\R.java,11723,2537,2373,0,4,0,9182,44090,6,32
D:\_Schule\Cocktailmaschine\Programme\SmartButler\SmartButler\SmartButler.Android\obj\Debug\81\android\src\android\support\v7\mediarouter\R.java,11723,2537,2373,0,4,0,9182,44090,6,32
D:\_Schule\Cocktailmaschine\Programme\SmartButler\SmartButler\SmartButler.Android\obj\Debug\81\android\src\android\support\v7\recyclerview\R.java,11723,2537,2373,0,4,0,9182,44090,6,32
D:\_Schule\Cocktailmaschine\Programme\SmartButler\SmartButler\SmartButler.Android\obj\Debug\81\android\src\android\support\v7\widget\Toolbar_NavigationOnClickEventDispatcher.java,56,44,23,4,11,0,1,3,0,0
D:\_Schule\Cocktailmaschine\Programme\SmartButler\SmartButler\SmartButler.Android\obj\Debug\81\android\src\com\companyname\smartbutler\R.java,11723,2537,2373,0,4,0,9182,44090,6,32
D:\_Schule\Cocktailmaschine\Programme\SmartButler\SmartButler\SmartButler.Android\obj\Debug\81\android\src\md51558244f76c53b6aeda52c8a337f2c37\ActionSheetRenderer.java,92,68,36,5,23,0,1,3,0,0
D:\_Schule\Cocktailmaschine\Programme\SmartButler\SmartButler\SmartButler.Android\obj\Debug\81\android\src\md51558244f76c53b6aeda52c8a337f2c37\ActivityIndicatorRenderer.java,55,43,24,5,11,0,1,3,0,0
D:\_Schule\Cocktailmaschine\Programme\SmartButler\SmartButler\SmartButler.Android\obj\Debug\81\android\src\md51558244f76c53b6aeda52c8a337f2c37\AHorizontalScrollView.java,117,85,46,9,31,0,1,3,0,0
D:\_Schule\Cocktailmaschine\Programme\SmartButler\SmartButler\SmartButler.Android\obj\Debug\81\android\src\md51558244f76c53b6aeda52c8a337f2c37\AndroidActivity.java,39,31,16,3,7,0,1,3,0,0
D:\_Schule\Cocktailmaschine\Programme\SmartButler\SmartButler\SmartButler.Android\obj\Debug\81\android\src\md51558244f76c53b6aeda52c8a337f2c37\BaseCellView.java,63,49,28,6,13,0,1,3,0,0
D:\_Schule\Cocktailmaschine\Programme\SmartButler\SmartButler\SmartButler.Android\obj\Debug\81\android\src\md51558244f76c53b6aeda52c8a337f2c37\BorderDrawable.java,93,67,34,6,25,0,1,3,0,0
D:\_Schule\Cocktailmaschine\Programme\SmartButler\SmartButler\SmartButler.Android\obj\Debug\81\android\src\md51558244f76c53b6aeda52c8a337f2c37\BoxRenderer.java,64,49,27,6,14,0,1,3,0,0
D:\_Schule\Cocktailmaschine\Programme\SmartButler\SmartButler\SmartButler.Android\obj\Debug\81\android\src\md51558244f76c53b6aeda52c8a337f2c37\ButtonRenderer.java,83,62,33,5,20,0,1,3,0,0
D:\_Schule\Cocktailmaschine\Programme\SmartButler\SmartButler\SmartButler.Android\obj\Debug\81\android\src\md51558244f76c53b6aeda52c8a337f2c37\ButtonRenderer_ButtonClickListener.java,49,38,19,3,10,0,1,3,0,0
D:\_Schule\Cocktailmaschine\Programme\SmartButler\SmartButler\SmartButler.Android\obj\Debug\81\android\src\md51558244f76c53b6aeda52c8a337f2c37\ButtonRenderer_ButtonTouchListener.java,49,38,19,4,10,0,1,3,0,0
D:\_Schule\Cocktailmaschine\Programme\SmartButler\SmartButler\SmartButler.Android\obj\Debug\81\android\src\md51558244f76c53b6aeda52c8a337f2c37\CarouselPageAdapter.java,112,80,40,7,31,0,1,3,0,0
D:\_Schule\Cocktailmaschine\Programme\SmartButler\SmartButler\SmartButler.Android\obj\Debug\81\android\src\md51558244f76c53b6aeda52c8a337f2c37\CarouselPageRenderer.java,91,67,36,5,23,0,1,3,0,0
D:\_Schule\Cocktailmaschine\Programme\SmartButler\SmartButler\SmartButler.Android\obj\Debug\81\android\src\md51558244f76c53b6aeda52c8a337f2c37\CarouselViewRenderer.java,55,43,24,5,11,0,1,3,0,0
D:\_Schule\Cocktailmaschine\Programme\SmartButler\SmartButler\SmartButler.Android\obj\Debug\81\android\src\md51558244f76c53b6aeda52c8a337f2c37\CellAdapter.java,140,101,50,11,38,0,1,3,0,0
D:\_Schule\Cocktailmaschine\Programme\SmartButler\SmartButler\SmartButler.Android\obj\Debug\81\android\src\md51558244f76c53b6aeda52c8a337f2c37\CellRenderer_RendererHolder.java,39,31,16,3,7,0,1,3,0,0
D:\_Schule\Cocktailmaschine\Programme\SmartButler\SmartButler\SmartButler.Android\obj\Debug\81\android\src\md51558244f76c53b6aeda52c8a337f2c37\CenterSnapHelper.java,48,37,19,4,10,0,1,3,0,0
D:\_Schule\Cocktailmaschine\Programme\SmartButler\SmartButler\SmartButler.Android\obj\Debug\81\android\src\md51558244f76c53b6aeda52c8a337f2c37\CheckBoxDesignerRenderer.java,92,69,37,6,22,0,1,3,0,0
D:\_Schule\Cocktailmaschine\Programme\SmartButler\SmartButler\SmartButler.Android\obj\Debug\81\android\src\md51558244f76c53b6aeda52c8a337f2c37\CheckBoxRenderer.java,55,43,24,5,11,0,1,3,0,0
D:\_Schule\Cocktailmaschine\Programme\SmartButler\SmartButler\SmartButler.Android\obj\Debug\81\android\src\md51558244f76c53b6aeda52c8a337f2c37\CheckBoxRendererBase.java,84,63,33,5,20,0,1,3,0,0
D:\_Schule\Cocktailmaschine\Programme\SmartButler\SmartButler\SmartButler.Android\obj\Debug\81\android\src\md51558244f76c53b6aeda52c8a337f2c37\CircularProgress.java,81,61,34,6,19,0,1,3,0,0
D:\_Schule\Cocktailmaschine\Programme\SmartButler\SmartButler\SmartButler.Android\obj\Debug\81\android\src\md51558244f76c53b6aeda52c8a337f2c37\CollectionViewRenderer.java,55,43,24,5,11,0,1,3,0,0
D:\_Schule\Cocktailmaschine\Programme\SmartButler\SmartButler\SmartButler.Android\obj\Debug\81\android\src\md51558244f76c53b6aeda52c8a337f2c37\ColorChangeRevealDrawable.java,48,37,19,3,10,0,1,3,0,0
D:\_Schule\Cocktailmaschine\Programme\SmartButler\SmartButler\SmartButler.Android\obj\Debug\81\android\src\md51558244f76c53b6aeda52c8a337f2c37\ConditionalFocusLayout.java,73,56,31,7,16,0,1,3,0,0
D:\_Schule\Cocktailmaschine\Programme\SmartButler\SmartButler\SmartButler.Android\obj\Debug\81\android\src\md51558244f76c53b6aeda52c8a337f2c37\ContainerView.java,81,61,34,6,19,0,1,3,0,0
D:\_Schule\Cocktailmaschine\Programme\SmartButler\SmartButler\SmartButler.Android\obj\Debug\81\android\src\md51558244f76c53b6aeda52c8a337f2c37\CustomFrameLayout.java,72,55,31,7,16,0,1,3,0,0
D:\_Schule\Cocktailmaschine\Programme\SmartButler\SmartButler\SmartButler.Android\obj\Debug\81\android\src\md51558244f76c53b6aeda52c8a337f2c37\DataChangeObserver.java,93,67,34,3,25,0,1,3,0,0
D:\_Schule\Cocktailmaschine\Programme\SmartButler\SmartButler\SmartButler.Android\obj\Debug\81\android\src\md51558244f76c53b6aeda52c8a337f2c37\DatePickerRenderer.java,55,43,24,5,11,0,1,3,0,0
D:\_Schule\Cocktailmaschine\Programme\SmartButler\SmartButler\SmartButler.Android\obj\Debug\81\android\src\md51558244f76c53b6aeda52c8a337f2c37\DatePickerRendererBase_1.java,55,43,24,5,11,0,1,3,0,0
D:\_Schule\Cocktailmaschine\Programme\SmartButler\SmartButler\SmartButler.Android\obj\Debug\81\android\src\md51558244f76c53b6aeda52c8a337f2c37\EdgeSnapHelper.java,39,31,16,3,7,0,1,3,0,0
D:\_Schule\Cocktailmaschine\Programme\SmartButler\SmartButler\SmartButler.Android\obj\Debug\81\android\src\md51558244f76c53b6aeda52c8a337f2c37\EditorEditText.java,63,49,28,6,13,0,1,3,0,0
D:\_Schule\Cocktailmaschine\Programme\SmartButler\SmartButler\SmartButler.Android\obj\Debug\81\android\src\md51558244f76c53b6aeda52c8a337f2c37\EditorRenderer.java,55,43,24,5,11,0,1,3,0,0
D:\_Schule\Cocktailmaschine\Programme\SmartButler\SmartButler\SmartButler.Android\obj\Debug\81\android\src\md51558244f76c53b6aeda52c8a337f2c37\EditorRendererBase_1.java,84,63,33,5,20,0,1,3,0,0
D:\_Schule\Cocktailmaschine\Programme\SmartButler\SmartButler\SmartButler.Android\obj\Debug\81\android\src\md51558244f76c53b6aeda52c8a337f2c37\EmptyViewAdapter.java,84,61,31,6,22,0,1,3,0,0
D:\_Schule\Cocktailmaschine\Programme\SmartButler\SmartButler\SmartButler.Android\obj\Debug\81\android\src\md51558244f76c53b6aeda52c8a337f2c37\EndSingleSnapHelper.java,48,37,19,4,10,0,1,3,0,0
D:\_Schule\Cocktailmaschine\Programme\SmartButler\SmartButler\SmartButler.Android\obj\Debug\81\android\src\md51558244f76c53b6aeda52c8a337f2c37\EndSnapHelper.java,57,43,22,5,13,0,1,3,0,0
D:\_Schule\Cocktailmaschine\Programme\SmartButler\SmartButler\SmartButler.Android\obj\Debug\81\android\src\md51558244f76c53b6aeda52c8a337f2c37\EntryAccessibilityDelegate.java,48,37,19,3,10,0,1,3,0,0
D:\_Schule\Cocktailmaschine\Programme\SmartButler\SmartButler\SmartButler.Android\obj\Debug\81\android\src\md51558244f76c53b6aeda52c8a337f2c37\EntryCellEditText.java,81,61,34,7,19,0,1,3,0,0
D:\_Schule\Cocktailmaschine\Programme\SmartButler\SmartButler\SmartButler.Android\obj\Debug\81\android\src\md51558244f76c53b6aeda52c8a337f2c37\EntryCellView.java,112,83,43,7,28,0,1,3,0,0
D:\_Schule\Cocktailmaschine\Programme\SmartButler\SmartButler\SmartButler.Android\obj\Debug\81\android\src\md51558244f76c53b6aeda52c8a337f2c37\EntryEditText.java,63,49,28,6,13,0,1,3,0,0
D:\_Schule\Cocktailmaschine\Programme\SmartButler\SmartButler\SmartButler.Android\obj\Debug\81\android\src\md51558244f76c53b6aeda52c8a337f2c37\EntryRenderer.java,55,43,24,5,11,0,1,3,0,0
D:\_Schule\Cocktailmaschine\Programme\SmartButler\SmartButler\SmartButler.Android\obj\Debug\81\android\src\md51558244f76c53b6aeda52c8a337f2c37\EntryRendererBase_1.java,94,70,36,6,23,0,1,3,0,0
D:\_Schule\Cocktailmaschine\Programme\SmartButler\SmartButler\SmartButler.Android\obj\Debug\81\android\src\md51558244f76c53b6aeda52c8a337f2c37\FormattedStringExtensions_FontSpan.java,57,43,22,3,13,0,1,3,0,0
D:\_Schule\Cocktailmaschine\Programme\SmartButler\SmartButler\SmartButler.Android\obj\Debug\81\android\src\md51558244f76c53b6aeda52c8a337f2c37\FormattedStringExtensions_LineHeightSpan.java,58,46,23,4,11,0,1,3,0,0
D:\_Schule\Cocktailmaschine\Programme\SmartButler\SmartButler\SmartButler.Android\obj\Debug\81\android\src\md51558244f76c53b6aeda52c8a337f2c37\FormattedStringExtensions_TextDecorationSpan.java,57,43,22,3,13,0,1,3,0,0
D:\_Schule\Cocktailmaschine\Programme\SmartButler\SmartButler\SmartButler.Android\obj\Debug\81\android\src\md51558244f76c53b6aeda52c8a337f2c37\FormsAppCompatActivity.java,147,103,52,4,43,0,1,3,0,0
D:\_Schule\Cocktailmaschine\Programme\SmartButler\SmartButler\SmartButler.Android\obj\Debug\81\android\src\md51558244f76c53b6aeda52c8a337f2c37\FormsApplicationActivity.java,147,103,52,5,43,0,1,3,0,0
D:\_Schule\Cocktailmaschine\Programme\SmartButler\SmartButler\SmartButler.Android\obj\Debug\81\android\src\md51558244f76c53b6aeda52c8a337f2c37\FormsEditText.java,81,61,34,7,19,0,1,3,0,0
D:\_Schule\Cocktailmaschine\Programme\SmartButler\SmartButler\SmartButler.Android\obj\Debug\81\android\src\md51558244f76c53b6aeda52c8a337f2c37\FormsEditTextBase.java,72,55,31,7,16,0,1,3,0,0
D:\_Schule\Cocktailmaschine\Programme\SmartButler\SmartButler\SmartButler.Android\obj\Debug\81\android\src\md51558244f76c53b6aeda52c8a337f2c37\FormsImageView.java,72,55,31,6,16,0,1,3,0,0
D:\_Schule\Cocktailmaschine\Programme\SmartButler\SmartButler\SmartButler.Android\obj\Debug\81\android\src\md51558244f76c53b6aeda52c8a337f2c37\FormsSeekBar.java,90,67,37,8,22,0,1,3,0,0
D:\_Schule\Cocktailmaschine\Programme\SmartButler\SmartButler\SmartButler.Android\obj\Debug\81\android\src\md51558244f76c53b6aeda52c8a337f2c37\FormsTextView.java,72,55,31,6,16,0,1,3,0,0
D:\_Schule\Cocktailmaschine\Programme\SmartButler\SmartButler\SmartButler.Android\obj\Debug\81\android\src\md51558244f76c53b6aeda52c8a337f2c37\FormsWebChromeClient.java,48,37,19,4,10,0,1,3,0,0
D:\_Schule\Cocktailmaschine\Programme\SmartButler\SmartButler\SmartButler.Android\obj\Debug\81\android\src\md51558244f76c53b6aeda52c8a337f2c37\FormsWebViewClient.java,100,73,38,6,26,0,1,3,0,0
D:\_Schule\Cocktailmaschine\Programme\SmartButler\SmartButler\SmartButler.Android\obj\Debug\81\android\src\md51558244f76c53b6aeda52c8a337f2c37\FrameRenderer.java,64,49,27,6,14,0,1,3,0,0
D:\_Schule\Cocktailmaschine\Programme\SmartButler\SmartButler\SmartButler.Android\obj\Debug\81\android\src\md51558244f76c53b6aeda52c8a337f2c37\FrameRenderer_FrameDrawable.java,93,67,34,6,25,0,1,3,0,0
D:\_Schule\Cocktailmaschine\Programme\SmartButler\SmartButler\SmartButler.Android\obj\Debug\81\android\src\md51558244f76c53b6aeda52c8a337f2c37\GenericAnimatorListener.java,75,55,28,3,19,0,1,3,0,0
D:\_Schule\Cocktailmaschine\Programme\SmartButler\SmartButler\SmartButler.Android\obj\Debug\81\android\src\md51558244f76c53b6aeda52c8a337f2c37\GenericMenuClickListener.java,49,38,19,4,10,0,1,3,0,0
D:\_Schule\Cocktailmaschine\Programme\SmartButler\SmartButler\SmartButler.Android\obj\Debug\81\android\src\md51558244f76c53b6aeda52c8a337f2c37\GestureManager_TapAndPanGestureDetector.java,80,61,35,8,18,0,1,3,0,0
D:\_Schule\Cocktailmaschine\Programme\SmartButler\SmartButler\SmartButler.Android\obj\Debug\81\android\src\md51558244f76c53b6aeda52c8a337f2c37\GridLayoutSpanSizeLookup.java,48,37,19,4,10,0,1,3,0,0
D:\_Schule\Cocktailmaschine\Programme\SmartButler\SmartButler\SmartButler.Android\obj\Debug\81\android\src\md51558244f76c53b6aeda52c8a337f2c37\GroupedListViewAdapter.java,74,56,29,7,17,0,1,3,0,0
D:\_Schule\Cocktailmaschine\Programme\SmartButler\SmartButler\SmartButler.Android\obj\Debug\81\android\src\md51558244f76c53b6aeda52c8a337f2c37\ImageButtonRenderer.java,112,82,42,7,29,0,1,3,0,0
D:\_Schule\Cocktailmaschine\Programme\SmartButler\SmartButler\SmartButler.Android\obj\Debug\81\android\src\md51558244f76c53b6aeda52c8a337f2c37\ImageCache_CacheEntry.java,39,31,16,3,7,0,1,3,0,0
D:\_Schule\Cocktailmaschine\Programme\SmartButler\SmartButler\SmartButler.Android\obj\Debug\81\android\src\md51558244f76c53b6aeda52c8a337f2c37\ImageCache_FormsLruCache.java,48,37,19,4,10,0,1,3,0,0
D:\_Schule\Cocktailmaschine\Programme\SmartButler\SmartButler\SmartButler.Android\obj\Debug\81\android\src\md51558244f76c53b6aeda52c8a337f2c37\ImageRenderer.java,64,49,27,6,14,0,1,3,0,0
D:\_Schule\Cocktailmaschine\Programme\SmartButler\SmartButler\SmartButler.Android\obj\Debug\81\android\src\md51558244f76c53b6aeda52c8a337f2c37\InnerGestureListener.java,122,87,43,10,34,0,1,3,0,0
D:\_Schule\Cocktailmaschine\Programme\SmartButler\SmartButler\SmartButler.Android\obj\Debug\81\android\src\md51558244f76c53b6aeda52c8a337f2c37\InnerScaleListener.java,66,49,25,5,16,0,1,3,0,0
D:\_Schule\Cocktailmaschine\Programme\SmartButler\SmartButler\SmartButler.Android\obj\Debug\81\android\src\md51558244f76c53b6aeda52c8a337f2c37\ItemContentView.java,81,61,34,6,19,0,1,3,0,0
D:\_Schule\Cocktailmaschine\Programme\SmartButler\SmartButler\SmartButler.Android\obj\Debug\81\android\src\md51558244f76c53b6aeda52c8a337f2c37\ItemsViewAdapter.java,84,61,31,6,22,0,1,3,0,0
D:\_Schule\Cocktailmaschine\Programme\SmartButler\SmartButler\SmartButler.Android\obj\Debug\81\android\src\md51558244f76c53b6aeda52c8a337f2c37\ItemsViewRenderer.java,64,49,27,5,14,0,1,3,0,0
D:\_Schule\Cocktailmaschine\Programme\SmartButler\SmartButler\SmartButler.Android\obj\Debug\81\android\src\md51558244f76c53b6aeda52c8a337f2c37\LabelRenderer.java,73,55,30,6,17,0,1,3,0,0
D:\_Schule\Cocktailmaschine\Programme\SmartButler\SmartButler\SmartButler.Android\obj\Debug\81\android\src\md51558244f76c53b6aeda52c8a337f2c37\ListViewAdapter.java,127,91,47,13,35,0,1,3,0,0
D:\_Schule\Cocktailmaschine\Programme\SmartButler\SmartButler\SmartButler.Android\obj\Debug\81\android\src\md51558244f76c53b6aeda52c8a337f2c37\ListViewRenderer.java,92,68,36,5,23,0,1,3,0,0
D:\_Schule\Cocktailmaschine\Programme\SmartButler\SmartButler\SmartButler.Android\obj\Debug\81\android\src\md51558244f76c53b6aeda52c8a337f2c37\ListViewRenderer_Container.java,81,61,34,6,19,0,1,3,0,0
D:\_Schule\Cocktailmaschine\Programme\SmartButler\SmartButler\SmartButler.Android\obj\Debug\81\android\src\md51558244f76c53b6aeda52c8a337f2c37\ListViewRenderer_SwipeRefreshLayoutWithFixedNestedScrolling.java,83,61,32,5,21,0,1,3,0,0
D:\_Schule\Cocktailmaschine\Programme\SmartButler\SmartButler\SmartButler.Android\obj\Debug\81\android\src\md51558244f76c53b6aeda52c8a337f2c37\LocalizedDigitsKeyListener.java,73,55,29,7,17,0,1,3,0,0
D:\_Schule\Cocktailmaschine\Programme\SmartButler\SmartButler\SmartButler.Android\obj\Debug\81\android\src\md51558244f76c53b6aeda52c8a337f2c37\MasterDetailContainer.java,81,61,34,7,19,0,1,3,0,0
D:\_Schule\Cocktailmaschine\Programme\SmartButler\SmartButler\SmartButler.Android\obj\Debug\81\android\src\md51558244f76c53b6aeda52c8a337f2c37\MasterDetailRenderer.java,119,86,45,5,32,0,1,3,0,0
D:\_Schule\Cocktailmaschine\Programme\SmartButler\SmartButler\SmartButler.Android\obj\Debug\81\android\src\md51558244f76c53b6aeda52c8a337f2c37\NativeViewWrapperRenderer.java,73,55,30,5,17,0,1,3,0,0
D:\_Schule\Cocktailmaschine\Programme\SmartButler\SmartButler\SmartButler.Android\obj\Debug\81\android\src\md51558244f76c53b6aeda52c8a337f2c37\NavigationRenderer.java,82,61,33,5,20,0,1,3,0,0
D:\_Schule\Cocktailmaschine\Programme\SmartButler\SmartButler\SmartButler.Android\obj\Debug\81\android\src\md51558244f76c53b6aeda52c8a337f2c37\NongreedySnapHelper.java,48,37,19,3,10,0,1,3,0,0
D:\_Schule\Cocktailmaschine\Programme\SmartButler\SmartButler\SmartButler.Android\obj\Debug\81\android\src\md51558244f76c53b6aeda52c8a337f2c37\ObjectJavaBox_1.java,39,31,16,3,7,0,1,3,0,0
D:\_Schule\Cocktailmaschine\Programme\SmartButler\SmartButler\SmartButler.Android\obj\Debug\81\android\src\md51558244f76c53b6aeda52c8a337f2c37\OpenGLViewRenderer.java,55,43,24,5,11,0,1,3,0,0
D:\_Schule\Cocktailmaschine\Programme\SmartButler\SmartButler\SmartButler.Android\obj\Debug\81\android\src\md51558244f76c53b6aeda52c8a337f2c37\OpenGLViewRenderer_Renderer.java,67,50,25,3,16,0,1,3,0,0
D:\_Schule\Cocktailmaschine\Programme\SmartButler\SmartButler\SmartButler.Android\obj\Debug\81\android\src\md51558244f76c53b6aeda52c8a337f2c37\PageContainer.java,81,61,34,6,19,0,1,3,0,0
D:\_Schule\Cocktailmaschine\Programme\SmartButler\SmartButler\SmartButler.Android\obj\Debug\81\android\src\md51558244f76c53b6aeda52c8a337f2c37\PageExtensions_EmbeddedFragment.java,48,37,19,4,10,0,1,3,0,0
D:\_Schule\Cocktailmaschine\Programme\SmartButler\SmartButler\SmartButler.Android\obj\Debug\81\android\src\md51558244f76c53b6aeda52c8a337f2c37\PageExtensions_EmbeddedSupportFragment.java,48,37,19,4,10,0,1,3,0,0
D:\_Schule\Cocktailmaschine\Programme\SmartButler\SmartButler\SmartButler.Android\obj\Debug\81\android\src\md51558244f76c53b6aeda52c8a337f2c37\PageRenderer.java,91,67,36,6,23,0,1,3,0,0
D:\_Schule\Cocktailmaschine\Programme\SmartButler\SmartButler\SmartButler.Android\obj\Debug\81\android\src\md51558244f76c53b6aeda52c8a337f2c37\PickerEditText.java,81,61,34,7,19,0,1,3,0,0
D:\_Schule\Cocktailmaschine\Programme\SmartButler\SmartButler\SmartButler.Android\obj\Debug\81\android\src\md51558244f76c53b6aeda52c8a337f2c37\PickerManager_PickerListener.java,49,38,19,3,10,0,1,3,0,0
D:\_Schule\Cocktailmaschine\Programme\SmartButler\SmartButler\SmartButler.Android\obj\Debug\81\android\src\md51558244f76c53b6aeda52c8a337f2c37\PickerRenderer.java,55,43,24,5,11,0,1,3,0,0
D:\_Schule\Cocktailmaschine\Programme\SmartButler\SmartButler\SmartButler.Android\obj\Debug\81\android\src\md51558244f76c53b6aeda52c8a337f2c37\PlatformRenderer.java,90,67,37,7,22,0,1,3,0,0
D:\_Schule\Cocktailmaschine\Programme\SmartButler\SmartButler\SmartButler.Android\obj\Debug\81\android\src\md51558244f76c53b6aeda52c8a337f2c37\Platform_DefaultRenderer.java,82,61,33,7,20,0,1,3,0,0
D:\_Schule\Cocktailmaschine\Programme\SmartButler\SmartButler\SmartButler.Android\obj\Debug\81\android\src\md51558244f76c53b6aeda52c8a337f2c37\PositionalSmoothScroller.java,66,49,25,6,16,0,1,3,0,0
D:\_Schule\Cocktailmaschine\Programme\SmartButler\SmartButler\SmartButler.Android\obj\Debug\81\android\src\md51558244f76c53b6aeda52c8a337f2c37\PowerSaveModeBroadcastReceiver.java,48,37,19,3,10,0,1,3,0,0
D:\_Schule\Cocktailmaschine\Programme\SmartButler\SmartButler\SmartButler.Android\obj\Debug\81\android\src\md51558244f76c53b6aeda52c8a337f2c37\ProgressBarRenderer.java,55,43,24,5,11,0,1,3,0,0
D:\_Schule\Cocktailmaschine\Programme\SmartButler\SmartButler\SmartButler.Android\obj\Debug\81\android\src\md51558244f76c53b6aeda52c8a337f2c37\ScrollHelper.java,55,43,23,4,11,0,1,3,0,0
D:\_Schule\Cocktailmaschine\Programme\SmartButler\SmartButler\SmartButler.Android\obj\Debug\81\android\src\md51558244f76c53b6aeda52c8a337f2c37\ScrollViewContainer.java,81,61,34,6,19,0,1,3,0,0
D:\_Schule\Cocktailmaschine\Programme\SmartButler\SmartButler\SmartButler.Android\obj\Debug\81\android\src\md51558244f76c53b6aeda52c8a337f2c37\ScrollViewRenderer.java,118,85,45,7,32,0,1,3,0,0
D:\_Schule\Cocktailmaschine\Programme\SmartButler\SmartButler\SmartButler.Android\obj\Debug\81\android\src\md51558244f76c53b6aeda52c8a337f2c37\SearchBarRenderer.java,74,56,30,7,17,0,1,3,0,0
D:\_Schule\Cocktailmaschine\Programme\SmartButler\SmartButler\SmartButler.Android\obj\Debug\81\android\src\md51558244f76c53b6aeda52c8a337f2c37\SelectableItemsViewAdapter.java,57,43,22,3,13,0,1,3,0,0
D:\_Schule\Cocktailmaschine\Programme\SmartButler\SmartButler\SmartButler.Android\obj\Debug\81\android\src\md51558244f76c53b6aeda52c8a337f2c37\SelectableItemsViewRenderer.java,55,43,24,5,11,0,1,3,0,0
D:\_Schule\Cocktailmaschine\Programme\SmartButler\SmartButler\SmartButler.Android\obj\Debug\81\android\src\md51558244f76c53b6aeda52c8a337f2c37\SelectableViewHolder.java,49,38,19,3,10,0,1,3,0,0
D:\_Schule\Cocktailmaschine\Programme\SmartButler\SmartButler\SmartButler.Android\obj\Debug\81\android\src\md51558244f76c53b6aeda52c8a337f2c37\ShellContentFragment.java,94,68,34,5,25,0,1,3,0,0
D:\_Schule\Cocktailmaschine\Programme\SmartButler\SmartButler\SmartButler.Android\obj\Debug\81\android\src\md51558244f76c53b6aeda52c8a337f2c37\ShellFlyoutRecyclerAdapter.java,75,55,28,6,19,0,1,3,0,0
D:\_Schule\Cocktailmaschine\Programme\SmartButler\SmartButler\SmartButler.Android\obj\Debug\81\android\src\md51558244f76c53b6aeda52c8a337f2c37\ShellFlyoutRecyclerAdapter_ElementViewHolder.java,39,31,16,3,7,0,1,3,0,0
D:\_Schule\Cocktailmaschine\Programme\SmartButler\SmartButler\SmartButler.Android\obj\Debug\81\android\src\md51558244f76c53b6aeda52c8a337f2c37\ShellFlyoutRecyclerAdapter_LinearLayoutWithFocus.java,72,55,31,7,16,0,1,3,0,0
D:\_Schule\Cocktailmaschine\Programme\SmartButler\SmartButler\SmartButler.Android\obj\Debug\81\android\src\md51558244f76c53b6aeda52c8a337f2c37\ShellFlyoutRenderer.java,101,74,39,6,26,0,1,3,0,0
D:\_Schule\Cocktailmaschine\Programme\SmartButler\SmartButler\SmartButler.Android\obj\Debug\81\android\src\md51558244f76c53b6aeda52c8a337f2c37\ShellFlyoutTemplatedContentRenderer.java,49,38,19,3,10,0,1,3,0,0
D:\_Schule\Cocktailmaschine\Programme\SmartButler\SmartButler\SmartButler.Android\obj\Debug\81\android\src\md51558244f76c53b6aeda52c8a337f2c37\ShellFlyoutTemplatedContentRenderer_HeaderContainer.java,63,49,28,6,13,0,1,3,0,0
D:\_Schule\Cocktailmaschine\Programme\SmartButler\SmartButler\SmartButler.Android\obj\Debug\81\android\src\md51558244f76c53b6aeda52c8a337f2c37\ShellFragmentPagerAdapter.java,93,67,34,8,25,0,1,3,0,0
D:\_Schule\Cocktailmaschine\Programme\SmartButler\SmartButler\SmartButler.Android\obj\Debug\81\android\src\md51558244f76c53b6aeda52c8a337f2c37\ShellItemRenderer.java,67,50,25,5,16,0,1,3,0,0
D:\_Schule\Cocktailmaschine\Programme\SmartButler\SmartButler\SmartButler.Android\obj\Debug\81\android\src\md51558244f76c53b6aeda52c8a337f2c37\ShellItemRendererBase.java,48,37,19,3,10,0,1,3,0,0
D:\_Schule\Cocktailmaschine\Programme\SmartButler\SmartButler\SmartButler.Android\obj\Debug\81\android\src\md51558244f76c53b6aeda52c8a337f2c37\ShellPageContainer.java,72,55,31,6,16,0,1,3,0,0
D:\_Schule\Cocktailmaschine\Programme\SmartButler\SmartButler\SmartButler.Android\obj\Debug\81\android\src\md51558244f76c53b6aeda52c8a337f2c37\ShellRenderer_SplitDrawable.java,75,55,28,4,19,0,1,3,0,0
D:\_Schule\Cocktailmaschine\Programme\SmartButler\SmartButler\SmartButler.Android\obj\Debug\81\android\src\md51558244f76c53b6aeda52c8a337f2c37\ShellSearchView.java,129,94,49,7,34,0,1,3,0,0
D:\_Schule\Cocktailmaschine\Programme\SmartButler\SmartButler\SmartButler.Android\obj\Debug\81\android\src\md51558244f76c53b6aeda52c8a337f2c37\ShellSearchViewAdapter.java,85,62,31,8,22,0,1,3,0,0
D:\_Schule\Cocktailmaschine\Programme\SmartButler\SmartButler\SmartButler.Android\obj\Debug\81\android\src\md51558244f76c53b6aeda52c8a337f2c37\ShellSearchViewAdapter_CustomFilter.java,64,49,26,5,14,0,1,3,0,0
D:\_Schule\Cocktailmaschine\Programme\SmartButler\SmartButler\SmartButler.Android\obj\Debug\81\android\src\md51558244f76c53b6aeda52c8a337f2c37\ShellSearchViewAdapter_ObjectWrapper.java,48,37,19,4,10,0,1,3,0,0
D:\_Schule\Cocktailmaschine\Programme\SmartButler\SmartButler\SmartButler.Android\obj\Debug\81\android\src\md51558244f76c53b6aeda52c8a337f2c37\ShellSearchView_ClipDrawableWrapper.java,48,37,19,3,10,0,1,3,0,0
D:\_Schule\Cocktailmaschine\Programme\SmartButler\SmartButler\SmartButler.Android\obj\Debug\81\android\src\md51558244f76c53b6aeda52c8a337f2c37\ShellSectionRenderer.java,95,69,34,4,25,0,1,3,0,0
D:\_Schule\Cocktailmaschine\Programme\SmartButler\SmartButler\SmartButler.Android\obj\Debug\81\android\src\md51558244f76c53b6aeda52c8a337f2c37\ShellToolbarTracker.java,49,38,19,3,10,0,1,3,0,0
D:\_Schule\Cocktailmaschine\Programme\SmartButler\SmartButler\SmartButler.Android\obj\Debug\81\android\src\md51558244f76c53b6aeda52c8a337f2c37\ShellToolbarTracker_FlyoutIconDrawerDrawable.java,48,37,19,3,10,0,1,3,0,0
D:\_Schule\Cocktailmaschine\Programme\SmartButler\SmartButler\SmartButler.Android\obj\Debug\81\android\src\md51558244f76c53b6aeda52c8a337f2c37\SimpleViewHolder.java,39,31,16,3,7,0,1,3,0,0
D:\_Schule\Cocktailmaschine\Programme\SmartButler\SmartButler\SmartButler.Android\obj\Debug\81\android\src\md51558244f76c53b6aeda52c8a337f2c37\SingleSnapHelper.java,57,43,22,5,13,0,1,3,0,0
D:\_Schule\Cocktailmaschine\Programme\SmartButler\SmartButler\SmartButler.Android\obj\Debug\81\android\src\md51558244f76c53b6aeda52c8a337f2c37\SizedItemContentView.java,72,55,31,6,16,0,1,3,0,0
D:\_Schule\Cocktailmaschine\Programme\SmartButler\SmartButler\SmartButler.Android\obj\Debug\81\android\src\md51558244f76c53b6aeda52c8a337f2c37\SliderRenderer.java,92,68,36,5,23,0,1,3,0,0
D:\_Schule\Cocktailmaschine\Programme\SmartButler\SmartButler\SmartButler.Android\obj\Debug\81\android\src\md51558244f76c53b6aeda52c8a337f2c37\SpacingItemDecoration.java,48,37,19,3,10,0,1,3,0,0
D:\_Schule\Cocktailmaschine\Programme\SmartButler\SmartButler\SmartButler.Android\obj\Debug\81\android\src\md51558244f76c53b6aeda52c8a337f2c37\StartSingleSnapHelper.java,48,37,19,4,10,0,1,3,0,0
D:\_Schule\Cocktailmaschine\Programme\SmartButler\SmartButler\SmartButler.Android\obj\Debug\81\android\src\md51558244f76c53b6aeda52c8a337f2c37\StartSnapHelper.java,57,43,22,5,13,0,1,3,0,0
D:\_Schule\Cocktailmaschine\Programme\SmartButler\SmartButler\SmartButler.Android\obj\Debug\81\android\src\md51558244f76c53b6aeda52c8a337f2c37\StepperRenderer.java,55,43,24,5,11,0,1,3,0,0
D:\_Schule\Cocktailmaschine\Programme\SmartButler\SmartButler\SmartButler.Android\obj\Debug\81\android\src\md51558244f76c53b6aeda52c8a337f2c37\StepperRendererManager_StepperListener.java,49,38,19,3,10,0,1,3,0,0
D:\_Schule\Cocktailmaschine\Programme\SmartButler\SmartButler\SmartButler.Android\obj\Debug\81\android\src\md51558244f76c53b6aeda52c8a337f2c37\SwitchCellView.java,73,56,31,6,16,0,1,3,0,0
D:\_Schule\Cocktailmaschine\Programme\SmartButler\SmartButler\SmartButler.Android\obj\Debug\81\android\src\md51558244f76c53b6aeda52c8a337f2c37\SwitchRenderer.java,65,50,27,5,14,0,1,3,0,0
D:\_Schule\Cocktailmaschine\Programme\SmartButler\SmartButler\SmartButler.Android\obj\Debug\81\android\src\md51558244f76c53b6aeda52c8a337f2c37\TabbedRenderer.java,73,55,30,5,17,0,1,3,0,0
D:\_Schule\Cocktailmaschine\Programme\SmartButler\SmartButler\SmartButler.Android\obj\Debug\81\android\src\md51558244f76c53b6aeda52c8a337f2c37\TableViewModelRenderer.java,109,79,41,11,29,0,1,3,0,0
D:\_Schule\Cocktailmaschine\Programme\SmartButler\SmartButler\SmartButler.Android\obj\Debug\81\android\src\md51558244f76c53b6aeda52c8a337f2c37\TableViewRenderer.java,64,49,27,5,14,0,1,3,0,0
D:\_Schule\Cocktailmaschine\Programme\SmartButler\SmartButler\SmartButler.Android\obj\Debug\81\android\src\md51558244f76c53b6aeda52c8a337f2c37\TemplatedItemViewHolder.java,39,31,16,3,7,0,1,3,0,0
D:\_Schule\Cocktailmaschine\Programme\SmartButler\SmartButler\SmartButler.Android\obj\Debug\81\android\src\md51558244f76c53b6aeda52c8a337f2c37\TextCellRenderer_TextCellView.java,63,49,28,6,13,0,1,3,0,0
D:\_Schule\Cocktailmaschine\Programme\SmartButler\SmartButler\SmartButler.Android\obj\Debug\81\android\src\md51558244f76c53b6aeda52c8a337f2c37\TextViewHolder.java,39,31,16,3,7,0,1,3,0,0
D:\_Schule\Cocktailmaschine\Programme\SmartButler\SmartButler\SmartButler.Android\obj\Debug\81\android\src\md51558244f76c53b6aeda52c8a337f2c37\TimePickerRenderer.java,55,43,24,5,11,0,1,3,0,0
D:\_Schule\Cocktailmaschine\Programme\SmartButler\SmartButler\SmartButler.Android\obj\Debug\81\android\src\md51558244f76c53b6aeda52c8a337f2c37\TimePickerRendererBase_1.java,65,50,27,5,14,0,1,3,0,0
D:\_Schule\Cocktailmaschine\Programme\SmartButler\SmartButler\SmartButler.Android\obj\Debug\81\android\src\md51558244f76c53b6aeda52c8a337f2c37\ViewCellRenderer_ViewCellContainer.java,99,73,40,8,25,0,1,3,0,0
D:\_Schule\Cocktailmaschine\Programme\SmartButler\SmartButler\SmartButler.Android\obj\Debug\81\android\src\md51558244f76c53b6aeda52c8a337f2c37\ViewCellRenderer_ViewCellContainer_LongPressGestureListener.java,94,68,34,7,25,0,1,3,0,0
D:\_Schule\Cocktailmaschine\Programme\SmartButler\SmartButler\SmartButler.Android\obj\Debug\81\android\src\md51558244f76c53b6aeda52c8a337f2c37\ViewRenderer.java,55,43,24,5,11,0,1,3,0,0
D:\_Schule\Cocktailmaschine\Programme\SmartButler\SmartButler\SmartButler.Android\obj\Debug\81\android\src\md51558244f76c53b6aeda52c8a337f2c37\ViewRenderer_2.java,74,56,30,5,17,0,1,3,0,0
D:\_Schule\Cocktailmaschine\Programme\SmartButler\SmartButler\SmartButler.Android\obj\Debug\81\android\src\md51558244f76c53b6aeda52c8a337f2c37\VisualElementRenderer_1.java,100,73,39,9,26,0,1,3,0,0
D:\_Schule\Cocktailmaschine\Programme\SmartButler\SmartButler\SmartButler.Android\obj\Debug\81\android\src\md51558244f76c53b6aeda52c8a337f2c37\VisualElementTracker_AttachTracker.java,58,44,22,3,13,0,1,3,0,0
D:\_Schule\Cocktailmaschine\Programme\SmartButler\SmartButler\SmartButler.Android\obj\Debug\81\android\src\md51558244f76c53b6aeda52c8a337f2c37\WebViewRenderer.java,55,43,24,5,11,0,1,3,0,0
D:\_Schule\Cocktailmaschine\Programme\SmartButler\SmartButler\SmartButler.Android\obj\Debug\81\android\src\md51558244f76c53b6aeda52c8a337f2c37\WebViewRenderer_JavascriptResult.java,49,38,19,3,10,0,1,3,0,0
D:\_Schule\Cocktailmaschine\Programme\SmartButler\SmartButler\SmartButler.Android\obj\Debug\81\android\src\md5423e3a95c357eb7d6aad61b4f54abbd4\RecyclerViewScrollListener.java,48,37,19,3,10,0,1,3,0,0
D:\_Schule\Cocktailmaschine\Programme\SmartButler\SmartButler\SmartButler.Android\obj\Debug\81\android\src\md58432a647068b097f9637064b8985a5e0\ButtonRenderer.java,103,76,39,6,26,0,1,3,0,0
D:\_Schule\Cocktailmaschine\Programme\SmartButler\SmartButler\SmartButler.Android\obj\Debug\81\android\src\md58432a647068b097f9637064b8985a5e0\CarouselPageRenderer.java,110,80,42,5,29,0,1,3,0,0
D:\_Schule\Cocktailmaschine\Programme\SmartButler\SmartButler\SmartButler.Android\obj\Debug\81\android\src\md58432a647068b097f9637064b8985a5e0\FormsFragmentPagerAdapter_1.java,93,67,34,8,25,0,1,3,0,0
D:\_Schule\Cocktailmaschine\Programme\SmartButler\SmartButler\SmartButler.Android\obj\Debug\81\android\src\md58432a647068b097f9637064b8985a5e0\FormsViewPager.java,65,49,26,6,15,0,1,3,0,0
D:\_Schule\Cocktailmaschine\Programme\SmartButler\SmartButler\SmartButler.Android\obj\Debug\81\android\src\md58432a647068b097f9637064b8985a5e0\FragmentContainer.java,84,61,31,4,22,0,1,3,0,0
D:\_Schule\Cocktailmaschine\Programme\SmartButler\SmartButler\SmartButler.Android\obj\Debug\81\android\src\md58432a647068b097f9637064b8985a5e0\FrameRenderer.java,55,43,24,5,11,0,1,3,0,0
D:\_Schule\Cocktailmaschine\Programme\SmartButler\SmartButler\SmartButler.Android\obj\Debug\81\android\src\md58432a647068b097f9637064b8985a5e0\MasterDetailContainer.java,72,55,31,6,16,0,1,3,0,0
D:\_Schule\Cocktailmaschine\Programme\SmartButler\SmartButler\SmartButler.Android\obj\Debug\81\android\src\md58432a647068b097f9637064b8985a5e0\MasterDetailPageRenderer.java,119,86,45,5,32,0,1,3,0,0
D:\_Schule\Cocktailmaschine\Programme\SmartButler\SmartButler\SmartButler.Android\obj\Debug\81\android\src\md58432a647068b097f9637064b8985a5e0\NavigationPageRenderer.java,92,68,36,5,23,0,1,3,0,0
D:\_Schule\Cocktailmaschine\Programme\SmartButler\SmartButler\SmartButler.Android\obj\Debug\81\android\src\md58432a647068b097f9637064b8985a5e0\NavigationPageRenderer_ClickListener.java,49,38,19,3,10,0,1,3,0,0
D:\_Schule\Cocktailmaschine\Programme\SmartButler\SmartButler\SmartButler.Android\obj\Debug\81\android\src\md58432a647068b097f9637064b8985a5e0\NavigationPageRenderer_Container.java,81,61,34,6,19,0,1,3,0,0
D:\_Schule\Cocktailmaschine\Programme\SmartButler\SmartButler\SmartButler.Android\obj\Debug\81\android\src\md58432a647068b097f9637064b8985a5e0\NavigationPageRenderer_DrawerMultiplexedListener.java,76,56,28,3,19,0,1,3,0,0
D:\_Schule\Cocktailmaschine\Programme\SmartButler\SmartButler\SmartButler.Android\obj\Debug\81\android\src\md58432a647068b097f9637064b8985a5e0\PickerRenderer.java,55,43,24,5,11,0,1,3,0,0
D:\_Schule\Cocktailmaschine\Programme\SmartButler\SmartButler\SmartButler.Android\obj\Debug\81\android\src\md58432a647068b097f9637064b8985a5e0\PickerRendererBase_1.java,55,43,24,5,11,0,1,3,0,0
D:\_Schule\Cocktailmaschine\Programme\SmartButler\SmartButler\SmartButler.Android\obj\Debug\81\android\src\md58432a647068b097f9637064b8985a5e0\Platform_ModalContainer.java,72,55,31,6,16,0,1,3,0,0
D:\_Schule\Cocktailmaschine\Programme\SmartButler\SmartButler\SmartButler.Android\obj\Debug\81\android\src\md58432a647068b097f9637064b8985a5e0\ShellFragmentContainer.java,66,49,25,4,16,0,1,3,0,0
D:\_Schule\Cocktailmaschine\Programme\SmartButler\SmartButler\SmartButler.Android\obj\Debug\81\android\src\md58432a647068b097f9637064b8985a5e0\SwitchRenderer.java,65,50,27,5,14,0,1,3,0,0
D:\_Schule\Cocktailmaschine\Programme\SmartButler\SmartButler\SmartButler.Android\obj\Debug\81\android\src\md58432a647068b097f9637064b8985a5e0\TabbedPageRenderer.java,148,106,54,6,41,0,1,3,0,0
D:\_Schule\Cocktailmaschine\Programme\SmartButler\SmartButler\SmartButler.Android\obj\Debug\81\android\src\md58432a647068b097f9637064b8985a5e0\ViewRenderer_2.java,55,43,24,5,11,0,1,3,0,0
D:\_Schule\Cocktailmaschine\Programme\SmartButler\SmartButler\SmartButler.Android\obj\Debug\81\android\src\md599af1e58564000efce60f1127ec13d70\AutoSuspendHelper_ObservableLifecycle.java,103,74,37,3,28,0,1,3,0,0
D:\_Schule\Cocktailmaschine\Programme\SmartButler\SmartButler\SmartButler.Android\obj\Debug\81\android\src\md599af1e58564000efce60f1127ec13d70\ContextExtensions_ServiceConnection_1.java,58,44,22,3,13,0,1,3,0,0
D:\_Schule\Cocktailmaschine\Programme\SmartButler\SmartButler\SmartButler.Android\obj\Debug\81\android\src\md599af1e58564000efce60f1127ec13d70\JavaHolder.java,39,31,16,3,7,0,1,3,0,0
D:\_Schule\Cocktailmaschine\Programme\SmartButler\SmartButler\SmartButler.Android\obj\Debug\81\android\src\md599af1e58564000efce60f1127ec13d70\ReactiveActivity.java,66,49,25,3,16,0,1,3,0,0
D:\_Schule\Cocktailmaschine\Programme\SmartButler\SmartButler\SmartButler.Android\obj\Debug\81\android\src\md599af1e58564000efce60f1127ec13d70\ReactiveActivity_1.java,39,31,16,3,7,0,1,3,0,0
D:\_Schule\Cocktailmaschine\Programme\SmartButler\SmartButler\SmartButler.Android\obj\Debug\81\android\src\md599af1e58564000efce60f1127ec13d70\ReactiveFragment.java,57,43,22,3,13,0,1,3,0,0
D:\_Schule\Cocktailmaschine\Programme\SmartButler\SmartButler\SmartButler.Android\obj\Debug\81\android\src\md599af1e58564000efce60f1127ec13d70\ReactiveFragment_1.java,39,31,16,3,7,0,1,3,0,0
D:\_Schule\Cocktailmaschine\Programme\SmartButler\SmartButler\SmartButler.Android\obj\Debug\81\android\src\md599af1e58564000efce60f1127ec13d70\ReactiveListAdapter_1.java,84,61,31,8,22,0,1,3,0,0
D:\_Schule\Cocktailmaschine\Programme\SmartButler\SmartButler\SmartButler.Android\obj\Debug\81\android\src\md599af1e58564000efce60f1127ec13d70\ReactivePreferenceActivity.java,66,49,25,3,16,0,1,3,0,0
D:\_Schule\Cocktailmaschine\Programme\SmartButler\SmartButler\SmartButler.Android\obj\Debug\81\android\src\md599af1e58564000efce60f1127ec13d70\ReactivePreferenceActivity_1.java,39,31,16,3,7,0,1,3,0,0
D:\_Schule\Cocktailmaschine\Programme\SmartButler\SmartButler\SmartButler.Android\obj\Debug\81\android\src\md599af1e58564000efce60f1127ec13d70\ReactivePreferenceFragment.java,57,43,22,3,13,0,1,3,0,0
D:\_Schule\Cocktailmaschine\Programme\SmartButler\SmartButler\SmartButler.Android\obj\Debug\81\android\src\md599af1e58564000efce60f1127ec13d70\ReactivePreferenceFragment_1.java,39,31,16,3,7,0,1,3,0,0
D:\_Schule\Cocktailmaschine\Programme\SmartButler\SmartButler\SmartButler.Android\obj\Debug\81\android\src\md599af1e58564000efce60f1127ec13d70\SharedPreferencesExtensions_OnSharedPreferenceChangeListener.java,49,38,19,3,10,0,1,3,0,0
D:\_Schule\Cocktailmaschine\Programme\SmartButler\SmartButler\SmartButler.Android\obj\Debug\81\android\src\md599af1e58564000efce60f1127ec13d70\UsbManagerExtensions_UsbAccessoryPermissionReceiver.java,48,37,19,3,10,0,1,3,0,0
D:\_Schule\Cocktailmaschine\Programme\SmartButler\SmartButler\SmartButler.Android\obj\Debug\81\android\src\md599af1e58564000efce60f1127ec13d70\UsbManagerExtensions_UsbDevicePermissionReceiver.java,48,37,19,3,10,0,1,3,0,0
D:\_Schule\Cocktailmaschine\Programme\SmartButler\SmartButler\SmartButler.Android\obj\Debug\81\android\src\md5dcb6eccdc824e0677ffae8ccdde42930\CustomTabsServiceConnectionImpl.java,57,43,22,3,13,0,1,3,0,0
D:\_Schule\Cocktailmaschine\Programme\SmartButler\SmartButler\SmartButler.Android\obj\Debug\81\android\src\md5dcb6eccdc824e0677ffae8ccdde42930\KeepAliveService.java,48,37,19,4,10,0,1,3,0,0
D:\_Schule\Cocktailmaschine\Programme\SmartButler\SmartButler\SmartButler.Android\obj\Debug\81\android\src\md5f31efab71971fc6ca3025f90e0a0f3b1\MainActivity.java,48,37,19,3,10,0,1,3,0,0
D:\_Schule\Cocktailmaschine\Programme\SmartButler\SmartButler\SmartButler.Android\obj\Debug\81\android\src\md5f92e0daf340890c9667469657ee2ece8\ButtonRenderer.java,122,89,45,7,32,0,1,3,0,0
D:\_Schule\Cocktailmaschine\Programme\SmartButler\SmartButler\SmartButler.Android\obj\Debug\81\android\src\md5f92e0daf340890c9667469657ee2ece8\FrameRenderer.java,73,55,30,6,17,0,1,3,0,0
D:\_Schule\Cocktailmaschine\Programme\SmartButler\SmartButler\SmartButler.Android\obj\Debug\81\android\src\md5f92e0daf340890c9667469657ee2ece8\ImageRenderer.java,81,61,34,7,19,0,1,3,0,0
D:\_Schule\Cocktailmaschine\Programme\SmartButler\SmartButler\SmartButler.Android\obj\Debug\81\android\src\md5f92e0daf340890c9667469657ee2ece8\LabelRenderer.java,81,61,34,7,19,0,1,3,0,0
D:\_Schule\Cocktailmaschine\Programme\SmartButler\SmartButler\SmartButler.Android\obj\Debug\81\android\src\mono\MonoPackageManager.java,152,133,56,9,17,0,2,14,0,0
D:\_Schule\Cocktailmaschine\Programme\SmartButler\SmartButler\SmartButler.Android\obj\Debug\81\android\src\mono\MonoRuntimeProvider.java,84,70,37,5,11,0,3,6,0,0
D:\_Schule\Cocktailmaschine\Programme\SmartButler\SmartButler\SmartButler.Android\obj\Debug\81\android\src\mono\android\Seppuku.java,20,16,12,0,4,0,0,0,0,0
D:\_Schule\Cocktailmaschine\Programme\SmartButler\SmartButler\SmartButler.Android\obj\Debug\81\android\src\mono\android\app\ApplicationRegistration.java,11,6,3,0,4,0,1,8,0,0
D:\_Schule\Cocktailmaschine\Programme\SmartButler\SmartButler\SmartButler.Android\obj\Debug\81\android\src\mono\android\app\NotifyTimeZoneChanges.java,9,7,4,0,2,0,0,0,0,0
D:\_Schule\Cocktailmaschine\Programme\SmartButler\SmartButler\SmartButler.Android\obj\Debug\81\android\src\mono\android\support\design\widget\AppBarLayout_OnOffsetChangedListenerImplementor.java,49,38,19,3,10,0,1,3,0,0
D:\_Schule\Cocktailmaschine\Programme\SmartButler\SmartButler\SmartButler.Android\obj\Debug\81\android\src\mono\android\support\design\widget\BottomNavigationView_OnNavigationItemReselectedListenerImplementor.java,49,38,19,3,10,0,1,3,0,0
D:\_Schule\Cocktailmaschine\Programme\SmartButler\SmartButler\SmartButler.Android\obj\Debug\81\android\src\mono\android\support\design\widget\BottomNavigationView_OnNavigationItemSelectedListenerImplementor.java,49,38,19,4,10,0,1,3,0,0
D:\_Schule\Cocktailmaschine\Programme\SmartButler\SmartButler\SmartButler.Android\obj\Debug\81\android\src\mono\android\support\design\widget\NavigationView_OnNavigationItemSelectedListenerImplementor.java,49,38,19,4,10,0,1,3,0,0
D:\_Schule\Cocktailmaschine\Programme\SmartButler\SmartButler\SmartButler.Android\obj\Debug\81\android\src\mono\android\support\design\widget\SwipeDismissBehavior_OnDismissListenerImplementor.java,58,44,22,3,13,0,1,3,0,0
D:\_Schule\Cocktailmaschine\Programme\SmartButler\SmartButler\SmartButler.Android\obj\Debug\81\android\src\mono\android\support\design\widget\TabLayout_OnTabSelectedListenerImplementor.java,67,50,25,3,16,0,1,3,0,0
D:\_Schule\Cocktailmaschine\Programme\SmartButler\SmartButler\SmartButler.Android\obj\Debug\81\android\src\mono\android\support\transition\Transition_TransitionListenerImplementor.java,85,62,31,3,22,0,1,3,0,0
D:\_Schule\Cocktailmaschine\Programme\SmartButler\SmartButler\SmartButler.Android\obj\Debug\81\android\src\mono\android\support\v4\app\FragmentManager_OnBackStackChangedListenerImplementor.java,49,38,19,3,10,0,1,3,0,0
D:\_Schule\Cocktailmaschine\Programme\SmartButler\SmartButler\SmartButler.Android\obj\Debug\81\android\src\mono\android\support\v4\app\SharedElementCallback_OnSharedElementsReadyListenerImplementor.java,49,38,19,3,10,0,1,3,0,0
D:\_Schule\Cocktailmaschine\Programme\SmartButler\SmartButler\SmartButler.Android\obj\Debug\81\android\src\mono\android\support\v4\content\Loader_OnLoadCanceledListenerImplementor.java,49,38,19,3,10,0,1,3,0,0
D:\_Schule\Cocktailmaschine\Programme\SmartButler\SmartButler\SmartButler.Android\obj\Debug\81\android\src\mono\android\support\v4\content\Loader_OnLoadCompleteListenerImplementor.java,49,38,19,3,10,0,1,3,0,0
D:\_Schule\Cocktailmaschine\Programme\SmartButler\SmartButler\SmartButler.Android\obj\Debug\81\android\src\mono\android\support\v4\media\session\MediaSessionCompat_OnActiveChangeListenerImplementor.java,49,38,19,3,10,0,1,3,0,0
D:\_Schule\Cocktailmaschine\Programme\SmartButler\SmartButler\SmartButler.Android\obj\Debug\81\android\src\mono\android\support\v4\os\CancellationSignal_OnCancelListenerImplementor.java,49,38,19,3,10,0,1,3,0,0
D:\_Schule\Cocktailmaschine\Programme\SmartButler\SmartButler\SmartButler.Android\obj\Debug\81\android\src\mono\android\support\v4\view\ActionProvider_SubUiVisibilityListenerImplementor.java,49,38,19,3,10,0,1,3,0,0
D:\_Schule\Cocktailmaschine\Programme\SmartButler\SmartButler\SmartButler.Android\obj\Debug\81\android\src\mono\android\support\v4\view\ActionProvider_VisibilityListenerImplementor.java,49,38,19,3,10,0,1,3,0,0
D:\_Schule\Cocktailmaschine\Programme\SmartButler\SmartButler\SmartButler.Android\obj\Debug\81\android\src\mono\android\support\v4\view\AsyncLayoutInflater_OnInflateFinishedListenerImplementor.java,49,38,19,3,10,0,1,3,0,0
D:\_Schule\Cocktailmaschine\Programme\SmartButler\SmartButler\SmartButler.Android\obj\Debug\81\android\src\mono\android\support\v4\view\MenuItemCompat_OnActionExpandListenerImplementor.java,58,44,22,5,13,0,1,3,0,0
D:\_Schule\Cocktailmaschine\Programme\SmartButler\SmartButler\SmartButler.Android\obj\Debug\81\android\src\mono\android\support\v4\view\OnApplyWindowInsetsListenerImplementor.java,49,38,19,4,10,0,1,3,0,0
D:\_Schule\Cocktailmaschine\Programme\SmartButler\SmartButler\SmartButler.Android\obj\Debug\81\android\src\mono\android\support\v4\view\ViewPager_OnAdapterChangeListenerImplementor.java,49,38,19,3,10,0,1,3,0,0
D:\_Schule\Cocktailmaschine\Programme\SmartButler\SmartButler\SmartButler.Android\obj\Debug\81\android\src\mono\android\support\v4\view\ViewPager_OnPageChangeListenerImplementor.java,67,50,25,3,16,0,1,3,0,0
D:\_Schule\Cocktailmaschine\Programme\SmartButler\SmartButler\SmartButler.Android\obj\Debug\81\android\src\mono\android\support\v4\view\ViewPropertyAnimatorListenerImplementor.java,67,50,25,3,16,0,1,3,0,0
D:\_Schule\Cocktailmaschine\Programme\SmartButler\SmartButler\SmartButler.Android\obj\Debug\81\android\src\mono\android\support\v4\view\ViewPropertyAnimatorUpdateListenerImplementor.java,49,38,19,3,10,0,1,3,0,0
D:\_Schule\Cocktailmaschine\Programme\SmartButler\SmartButler\SmartButler.Android\obj\Debug\81\android\src\mono\android\support\v4\view\accessibility\AccessibilityManagerCompat_AccessibilityStateChangeListenerImplementor.java,49,38,19,3,10,0,1,3,0,0
D:\_Schule\Cocktailmaschine\Programme\SmartButler\SmartButler\SmartButler.Android\obj\Debug\81\android\src\mono\android\support\v4\view\accessibility\AccessibilityManagerCompat_TouchExplorationStateChangeListenerImplementor.java,49,38,19,3,10,0,1,3,0,0
D:\_Schule\Cocktailmaschine\Programme\SmartButler\SmartButler\SmartButler.Android\obj\Debug\81\android\src\mono\android\support\v4\widget\DrawerLayout_DrawerListenerImplementor.java,76,56,28,3,19,0,1,3,0,0
D:\_Schule\Cocktailmaschine\Programme\SmartButler\SmartButler\SmartButler.Android\obj\Debug\81\android\src\mono\android\support\v4\widget\NestedScrollView_OnScrollChangeListenerImplementor.java,49,38,19,3,10,0,1,3,0,0
D:\_Schule\Cocktailmaschine\Programme\SmartButler\SmartButler\SmartButler.Android\obj\Debug\81\android\src\mono\android\support\v4\widget\SlidingPaneLayout_PanelSlideListenerImplementor.java,67,50,25,3,16,0,1,3,0,0
D:\_Schule\Cocktailmaschine\Programme\SmartButler\SmartButler\SmartButler.Android\obj\Debug\81\android\src\mono\android\support\v4\widget\SwipeRefreshLayout_OnRefreshListenerImplementor.java,49,38,19,3,10,0,1,3,0,0
D:\_Schule\Cocktailmaschine\Programme\SmartButler\SmartButler\SmartButler.Android\obj\Debug\81\android\src\mono\android\support\v7\app\ActionBar_OnMenuVisibilityListenerImplementor.java,49,38,19,3,10,0,1,3,0,0
D:\_Schule\Cocktailmaschine\Programme\SmartButler\SmartButler\SmartButler.Android\obj\Debug\81\android\src\mono\android\support\v7\app\ActionBar_OnNavigationListenerImplementor.java,49,38,19,4,10,0,1,3,0,0
D:\_Schule\Cocktailmaschine\Programme\SmartButler\SmartButler\SmartButler.Android\obj\Debug\81\android\src\mono\android\support\v7\app\ActionBar_TabListenerImplementor.java,67,50,25,3,16,0,1,3,0,0
D:\_Schule\Cocktailmaschine\Programme\SmartButler\SmartButler\SmartButler.Android\obj\Debug\81\android\src\mono\android\support\v7\graphics\Palette_PaletteAsyncListenerImplementor.java,49,38,19,3,10,0,1,3,0,0
D:\_Schule\Cocktailmaschine\Programme\SmartButler\SmartButler\SmartButler.Android\obj\Debug\81\android\src\mono\android\support\v7\media\RemotePlaybackClient_OnMessageReceivedListenerImplementor.java,49,38,19,3,10,0,1,3,0,0
D:\_Schule\Cocktailmaschine\Programme\SmartButler\SmartButler\SmartButler.Android\obj\Debug\81\android\src\mono\android\support\v7\widget\ActionMenuView_OnMenuItemClickListenerImplementor.java,49,38,19,4,10,0,1,3,0,0
D:\_Schule\Cocktailmaschine\Programme\SmartButler\SmartButler\SmartButler.Android\obj\Debug\81\android\src\mono\android\support\v7\widget\ContentFrameLayout_OnAttachListenerImplementor.java,58,44,22,3,13,0,1,3,0,0
D:\_Schule\Cocktailmaschine\Programme\SmartButler\SmartButler\SmartButler.Android\obj\Debug\81\android\src\mono\android\support\v7\widget\FitWindowsViewGroup_OnFitSystemWindowsListenerImplementor.java,49,38,19,3,10,0,1,3,0,0
D:\_Schule\Cocktailmaschine\Programme\SmartButler\SmartButler\SmartButler.Android\obj\Debug\81\android\src\mono\android\support\v7\widget\MenuItemHoverListenerImplementor.java,58,44,22,3,13,0,1,3,0,0
D:\_Schule\Cocktailmaschine\Programme\SmartButler\SmartButler\SmartButler.Android\obj\Debug\81\android\src\mono\android\support\v7\widget\PopupMenu_OnDismissListenerImplementor.java,49,38,19,3,10,0,1,3,0,0
D:\_Schule\Cocktailmaschine\Programme\SmartButler\SmartButler\SmartButler.Android\obj\Debug\81\android\src\mono\android\support\v7\widget\PopupMenu_OnMenuItemClickListenerImplementor.java,49,38,19,4,10,0,1,3,0,0
D:\_Schule\Cocktailmaschine\Programme\SmartButler\SmartButler\SmartButler.Android\obj\Debug\81\android\src\mono\android\support\v7\widget\RecyclerView_ItemAnimator_ItemAnimatorFinishedListenerImplementor.java,49,38,19,3,10,0,1,3,0,0
D:\_Schule\Cocktailmaschine\Programme\SmartButler\SmartButler\SmartButler.Android\obj\Debug\81\android\src\mono\android\support\v7\widget\RecyclerView_OnChildAttachStateChangeListenerImplementor.java,58,44,22,3,13,0,1,3,0,0
D:\_Schule\Cocktailmaschine\Programme\SmartButler\SmartButler\SmartButler.Android\obj\Debug\81\android\src\mono\android\support\v7\widget\RecyclerView_OnItemTouchListenerImplementor.java,67,50,25,4,16,0,1,3,0,0
D:\_Schule\Cocktailmaschine\Programme\SmartButler\SmartButler\SmartButler.Android\obj\Debug\81\android\src\mono\android\support\v7\widget\RecyclerView_RecyclerListenerImplementor.java,49,38,19,3,10,0,1,3,0,0
D:\_Schule\Cocktailmaschine\Programme\SmartButler\SmartButler\SmartButler.Android\obj\Debug\81\android\src\mono\android\support\v7\widget\SearchView_OnCloseListenerImplementor.java,49,38,19,4,10,0,1,3,0,0
D:\_Schule\Cocktailmaschine\Programme\SmartButler\SmartButler\SmartButler.Android\obj\Debug\81\android\src\mono\android\support\v7\widget\SearchView_OnQueryTextListenerImplementor.java,58,44,22,5,13,0,1,3,0,0
D:\_Schule\Cocktailmaschine\Programme\SmartButler\SmartButler\SmartButler.Android\obj\Debug\81\android\src\mono\android\support\v7\widget\SearchView_OnSuggestionListenerImplementor.java,58,44,22,5,13,0,1,3,0,0
D:\_Schule\Cocktailmaschine\Programme\SmartButler\SmartButler\SmartButler.Android\obj\Debug\81\android\src\mono\android\support\v7\widget\ShareActionProvider_OnShareTargetSelectedListenerImplementor.java,49,38,19,4,10,0,1,3,0,0
D:\_Schule\Cocktailmaschine\Programme\SmartButler\SmartButler\SmartButler.Android\obj\Debug\81\android\src\mono\android\support\v7\widget\Toolbar_OnMenuItemClickListenerImplementor.java,49,38,19,4,10,0,1,3,0,0
D:\_Schule\Cocktailmaschine\Programme\SmartButler\SmartButler\SmartButler.Android\obj\Debug\81\android\src\mono\android\support\v7\widget\ViewStubCompat_OnInflateListenerImplementor.java,49,38,19,3,10,0,1,3,0,0
D:\_Schule\Cocktailmaschine\Programme\SmartButler\SmartButler\SmartButler.Android\obj\Debug\81\designtime\Resource.designer.cs,9397,4873,4328,0,2312,0,2212,8842,0,0
D:\_Schule\Cocktailmaschine\Programme\SmartButler\SmartButler\SmartButler.Android\obj\Release\81\MonoAndroid,Version=v8.1.AssemblyAttributes.cs,5,3,2,0,1,0,1,2,1,2
D:\_Schule\Cocktailmaschine\Programme\SmartButler\SmartButler\SmartButler.Android\obj\Release\81\android\com\companyname\smartbutler\R.java,11723,2537,2373,0,4,0,9182,44090,6,32
D:\_Schule\Cocktailmaschine\Programme\SmartButler\SmartButler\SmartButler.Android\obj\Release\81\android\src\android\support\compat\R.java,11723,2537,2373,0,4,0,9182,44090,6,32
D:\_Schule\Cocktailmaschine\Programme\SmartButler\SmartButler\SmartButler.Android\obj\Release\81\android\src\android\support\design\R.java,11723,2537,2373,0,4,0,9182,44090,6,32
D:\_Schule\Cocktailmaschine\Programme\SmartButler\SmartButler\SmartButler.Android\obj\Release\81\android\src\android\support\mediacompat\R.java,11723,2537,2373,0,4,0,9182,44090,6,32
D:\_Schule\Cocktailmaschine\Programme\SmartButler\SmartButler\SmartButler.Android\obj\Release\81\android\src\android\support\transition\R.java,11723,2537,2373,0,4,0,9182,44090,6,32
D:\_Schule\Cocktailmaschine\Programme\SmartButler\SmartButler\SmartButler.Android\obj\Release\81\android\src\android\support\v4\R.java,11723,2537,2373,0,4,0,9182,44090,6,32
D:\_Schule\Cocktailmaschine\Programme\SmartButler\SmartButler\SmartButler.Android\obj\Release\81\android\src\android\support\v7\appcompat\R.java,11723,2537,2373,0,4,0,9182,44090,6,32
D:\_Schule\Cocktailmaschine\Programme\SmartButler\SmartButler\SmartButler.Android\obj\Release\81\android\src\android\support\v7\cardview\R.java,11723,2537,2373,0,4,0,9182,44090,6,32
D:\_Schule\Cocktailmaschine\Programme\SmartButler\SmartButler\SmartButler.Android\obj\Release\81\android\src\android\support\v7\mediarouter\R.java,11723,2537,2373,0,4,0,9182,44090,6,32
D:\_Schule\Cocktailmaschine\Programme\SmartButler\SmartButler\SmartButler.Android\obj\Release\81\android\src\android\support\v7\recyclerview\R.java,11723,2537,2373,0,4,0,9182,44090,6,32
D:\_Schule\Cocktailmaschine\Programme\SmartButler\SmartButler\SmartButler.Android\Properties\AssemblyInfo.cs,35,17,4,0,4,0,14,78,0,0
D:\_Schule\Cocktailmaschine\Programme\SmartButler\SmartButler\SmartButler.Android\Resources\Resource.designer.cs,9553,4956,4411,0,2349,0,2248,8986,0,0
D:\_Schule\Cocktailmaschine\Programme\SmartButler\SmartButler\SmartButler.Android\Services\BluetoothService.cs,176,130,84,26,43,0,3,11,0,0
D:\_Schule\Cocktailmaschine\Programme\SmartButler\SmartButler\SmartButler.Android\Services\RetryHelper.cs,65,55,27,7,10,0,0,0,0,0
D:\_Schule\Cocktailmaschine\Programme\SmartButler\SmartButler\SmartButler.iOS\AppDelegate.cs,32,18,11,1,4,0,10,77,0,0
D:\_Schule\Cocktailmaschine\Programme\SmartButler\SmartButler\SmartButler.iOS\Main.cs,21,15,9,0,3,0,3,26,0,0
D:\_Schule\Cocktailmaschine\Programme\SmartButler\SmartButler\SmartButler.iOS\Properties\AssemblyInfo.cs,37,15,3,0,5,0,17,120,0,0
D:\_Schule\Cocktailmaschine\Programme\SmartButler\SmartButler\SmartButler.Tests\UnitTest1.cs,29,25,14,1,4,0,0,0,0,0
D:\_Schule\Cocktailmaschine\Programme\SmartButler\SmartButler\SmartButler.Tests\obj\Debug\netcoreapp2.1\SmartButler.Tests.AssemblyInfo.cs,24,9,2,0,5,0,10,36,9,30
D:\_Schule\Cocktailmaschine\Programme\SmartButler\SmartButler\SmartButler.Tests\obj\Debug\netcoreapp2.1\SmartButler.Tests.Program.cs,5,5,2,0,0,0,0,0,0,0
D:\_Schule\Cocktailmaschine\Programme\SmartButler\SmartButler\SmartButler.Tests\obj\Release\netcoreapp2.1\SmartButler.Tests.AssemblyInfo.cs,24,9,2,0,5,0,10,36,9,30
D:\_Schule\Cocktailmaschine\Programme\SmartButler\SmartButler\SmartButler.Tests\Services\PageRepositoryTests.cs,91,62,42,0,18,0,11,13,0,0
D:\_Schule\Cocktailmaschine\Programme\SmartButler\SmartButler\SmartButler.UWP\App.xaml.cs,102,55,37,3,13,0,34,251,0,0
D:\_Schule\Cocktailmaschine\Programme\SmartButler\SmartButler\SmartButler.UWP\MainPage.xaml.cs,28,25,19,0,3,0,0,0,0,0
D:\_Schule\Cocktailmaschine\Programme\SmartButler\SmartButler\SmartButler.UWP\App.xaml,9,7,0,0,2,0,0,0,0,0
D:\_Schule\Cocktailmaschine\Programme\SmartButler\SmartButler\SmartButler.UWP\MainPage.xaml,15,13,0,0,2,0,0,0,0,0
D:\_Schule\Cocktailmaschine\Programme\SmartButler\SmartButler\SmartButler.UWP\App.xaml.cs,102,55,37,3,13,0,34,251,0,0
D:\_Schule\Cocktailmaschine\Programme\SmartButler\SmartButler\SmartButler.UWP\MainPage.xaml.cs,28,25,19,0,3,0,0,0,0,0
D:\_Schule\Cocktailmaschine\Programme\SmartButler\SmartButler\SmartButler.UWP\obj\x86\Debug\App.g.cs,18,7,2,0,3,0,8,28,0,0
D:\_Schule\Cocktailmaschine\Programme\SmartButler\SmartButler\SmartButler.UWP\obj\x86\Debug\App.g.i.cs,60,40,15,2,6,0,14,41,0,0
D:\_Schule\Cocktailmaschine\Programme\SmartButler\SmartButler\SmartButler.UWP\obj\x86\Debug\MainPage.g.cs,41,23,7,1,4,0,14,43,0,0
D:\_Schule\Cocktailmaschine\Programme\SmartButler\SmartButler\SmartButler.UWP\obj\x86\Debug\MainPage.g.i.cs,42,20,9,1,11,0,11,34,0,0
D:\_Schule\Cocktailmaschine\Programme\SmartButler\SmartButler\SmartButler.UWP\obj\x86\Debug\XamlTypeInfo.g.cs,684,570,358,85,83,8,31,116,0,1
D:\_Schule\Cocktailmaschine\Programme\SmartButler\SmartButler\SmartButler.UWP\obj\x86\Debug\App.xaml,10,7,0,0,3,0,0,0,0,0
D:\_Schule\Cocktailmaschine\Programme\SmartButler\SmartButler\SmartButler.UWP\obj\x86\Debug\MainPage.xaml,17,13,0,0,4,0,0,0,0,0
D:\_Schule\Cocktailmaschine\Programme\SmartButler\SmartButler\SmartButler.UWP\Properties\AssemblyInfo.cs,29,14,3,0,2,0,13,67,0,0
